{
  "results": [
    {
      "resturant_id": 1,
      "name": "Itamama (何文田廣場) ",
      "borough": "",
      "cuisine": "",
      "image": "https://static8.orstatic.com/userphoto2/photo/V/OIE/04UAUV7C3CC306F07DD519px.jpg",
      "addrss_street": "佛光街80號",
      "addrss_building": "何文田廣場1樓101B號舖",
      "addrss_zipcode": "",
      "addrss_coord": "",
      "grades_user": "Steven",
      "grades_score": "10",
      "owner": "Steven"
    },
    {
      "resturant_id": 2,
      "name": "大快活Fairwood ",
      "borough": "",
      "cuisine": "",
      "image": "https://static8.orstatic.com/userphoto/photo/4/3R5/00QP57C9928342AC28FD52px.jpg",
      "addrss_building": "何文田廣場3樓306號舖",
      "addrss_zipcode": "",
      "addrss_coord": "",
      "grades_user": "Tom",
      "grades_score": "1",
      "owner": "Thomas"
    }
  ]
}
